ID,voter_reg_num,first_name,last_name,dob,sex,race
146,1001039939,KEVIN,PURCELL,08/31/1951,M,
223,1100128569,BAKRI,ABDEL-AZIZ SR,03/26/1915,M,O
333,1000295504,BAKER,MARY DELL,04/08/1928,F,W
358,1015248678,WILLIAM,ARCILESI JR,01/30/1917,M,W
87,1705008084,ERNEST,SHORE III,12/17/1959,M,W
223_d,1100128569,BAKER,ABDEL-AZIZ SR,04/08/1982,M,O
333_d,1000295504,BAKER,MARY DELL,04/08/1982,F,W
87_d,1705008084,ERNEST,SHORE,12/17/1959,M,W
